{
  "model_id": "google/gemma-2-9b",
  "model_short": "gemma2-9b",
  "layer": 33,
  "alpha": 4.0,
  "pairs": [
    "height",
    "age",
    "weight",
    "size",
    "speed",
    "wealth",
    "experience",
    "bmi_abs"
  ],
  "prompt_count_by_target": {
    "height": 400,
    "age": 390,
    "weight": 400,
    "size": 362,
    "speed": 365,
    "wealth": 398,
    "experience": 351,
    "bmi_abs": 399
  },
  "by_pair": {
    "height": {
      "z": {
        "own_slope": 0.04515625163912773,
        "all_shared_slope": 0.03339843824505806,
        "loo_shared_slope": 0.030742187052965164,
        "all_shared_ratio": 0.7396193668147254,
        "loo_shared_ratio": 0.6807958131389091
      },
      "x": {
        "own_slope": 0.01738281175494194,
        "all_shared_slope": 0.011914062313735485,
        "loo_shared_slope": 0.007851562462747097,
        "all_shared_ratio": 0.6853932770886915,
        "loo_shared_ratio": 0.45168541047537347
      }
    },
    "age": {
      "z": {
        "own_slope": 0.05280448868870735,
        "all_shared_slope": 0.029887819662690163,
        "loo_shared_slope": 0.022475961595773697,
        "all_shared_ratio": 0.5660090724272443,
        "loo_shared_ratio": 0.4256449054600988
      },
      "x": {
        "own_slope": -0.001923076924867928,
        "all_shared_slope": 0.00977564137428999,
        "loo_shared_slope": 0.011698718182742596,
        "all_shared_ratio": -5.083333509896571,
        "loo_shared_ratio": -6.083333449360604
      }
    },
    "weight": {
      "z": {
        "own_slope": 0.05433593690395355,
        "all_shared_slope": 0.04339843615889549,
        "loo_shared_slope": 0.04109375178813934,
        "all_shared_ratio": 0.798705951010072,
        "loo_shared_ratio": 0.7562904797386371
      },
      "x": {
        "own_slope": 0.0044531249441206455,
        "all_shared_slope": 0.016679687425494194,
        "loo_shared_slope": 0.018046874552965164,
        "all_shared_ratio": 3.745614065357853,
        "loo_shared_ratio": 4.052631529414422
      }
    },
    "size": {
      "z": {
        "own_slope": 0.0935341864824295,
        "all_shared_slope": 0.06401070207357407,
        "loo_shared_slope": 0.055334944278001785,
        "all_shared_ratio": 0.684356217559005,
        "loo_shared_ratio": 0.5916012781957163
      },
      "x": {
        "own_slope": 0.01609979197382927,
        "all_shared_slope": 0.030084598809480667,
        "loo_shared_slope": 0.029782459139823914,
        "all_shared_ratio": 1.8686327660869253,
        "loo_shared_ratio": 1.8498660844957662
      }
    },
    "speed": {
      "z": {
        "own_slope": 0.07337328791618347,
        "all_shared_slope": 0.032063357532024384,
        "loo_shared_slope": 0.023330479860305786,
        "all_shared_ratio": 0.4369895154303475,
        "loo_shared_ratio": 0.3179696661127807
      },
      "x": {
        "own_slope": 0.023886986076831818,
        "all_shared_slope": 0.013741438277065754,
        "loo_shared_slope": 0.008946917951107025,
        "all_shared_ratio": 0.5752688193004678,
        "loo_shared_ratio": 0.3745519808287875
      }
    },
    "wealth": {
      "z": {
        "own_slope": 0.05755339190363884,
        "all_shared_slope": 0.03988693282008171,
        "loo_shared_slope": 0.03403737396001816,
        "all_shared_ratio": 0.693042260426007,
        "loo_shared_ratio": 0.5914051775959034
      },
      "x": {
        "own_slope": 0.024811558425426483,
        "all_shared_slope": 0.020767901092767715,
        "loo_shared_slope": 0.01417242456227541,
        "all_shared_ratio": 0.8370252580138258,
        "loo_shared_ratio": 0.571202514540632
      }
    },
    "experience": {
      "z": {
        "own_slope": 0.0898548811674118,
        "all_shared_slope": 0.04433760792016983,
        "loo_shared_slope": 0.03376513347029686,
        "all_shared_ratio": 0.4934357192856654,
        "loo_shared_ratio": 0.37577405959046173
      },
      "x": {
        "own_slope": 0.06278935074806213,
        "all_shared_slope": 0.02357104793190956,
        "loo_shared_slope": 0.007589921820908785,
        "all_shared_ratio": 0.37539881605858194,
        "loo_shared_ratio": 0.12087912568745636
      }
    },
    "bmi_abs": {
      "z": {
        "own_slope": 0.055783990770578384,
        "all_shared_slope": 0.03581218793988228,
        "loo_shared_slope": 0.030329730361700058,
        "all_shared_ratio": 0.6419796691700723,
        "loo_shared_ratio": 0.5436995443089844
      },
      "x": {
        "own_slope": 0.03604714944958687,
        "all_shared_slope": 0.012668389827013016,
        "loo_shared_slope": 0.003171992488205433,
        "all_shared_ratio": 0.3514394347528139,
        "loo_shared_ratio": 0.08799565393212491
      }
    }
  },
  "full_matrices": {
    "z": {
      "height": {
        "height": 0.04515625163912773,
        "age": 0.018046874552965164,
        "weight": 0.02792968787252903,
        "size": 0.042656250298023224,
        "speed": 0.022929687052965164,
        "wealth": 0.02265625074505806,
        "experience": 0.015859374776482582,
        "bmi_abs": 0.014492187649011612
      },
      "age": {
        "height": 0.016225961968302727,
        "age": 0.05280448868870735,
        "weight": 0.022996794432401657,
        "size": 0.014102564193308353,
        "speed": 0.007932692766189575,
        "wealth": 0.012620192021131516,
        "experience": 0.029487179592251778,
        "bmi_abs": 0.020953524857759476
      },
      "weight": {
        "height": 0.0302734375,
        "age": 0.03238281235098839,
        "weight": 0.05433593690395355,
        "size": 0.03851562365889549,
        "speed": 0.02152343839406967,
        "wealth": 0.01992187462747097,
        "experience": 0.016132812947034836,
        "bmi_abs": 0.05281250178813934
      },
      "size": {
        "height": 0.06176622956991196,
        "age": 0.041436463594436646,
        "weight": 0.060557667165994644,
        "size": 0.0935341864824295,
        "speed": 0.03772444650530815,
        "wealth": 0.02684737555682659,
        "experience": 0.030991021543741226,
        "bmi_abs": 0.039278313517570496
      },
      "speed": {
        "height": 0.024700341746211052,
        "age": 0.006678082048892975,
        "weight": 0.01797945238649845,
        "size": 0.02187499962747097,
        "speed": 0.07337328791618347,
        "wealth": 0.02555650658905506,
        "experience": 0.017080480232834816,
        "bmi_abs": 0.013570205308496952
      },
      "wealth": {
        "height": 0.028580401092767715,
        "age": 0.019040515646338463,
        "weight": 0.03411589190363884,
        "size": 0.029758166521787643,
        "speed": 0.028187813237309456,
        "wealth": 0.05755339190363884,
        "experience": 0.015625,
        "bmi_abs": 0.02422267571091652
      },
      "experience": {
        "height": 0.02172364667057991,
        "age": 0.04627403989434242,
        "weight": 0.022213319316506386,
        "size": 0.02261395938694477,
        "speed": 0.026553597301244736,
        "wealth": 0.03414351865649223,
        "experience": 0.0898548811674118,
        "bmi_abs": 0.011618589982390404
      },
      "bmi_abs": {
        "height": 0.024259869009256363,
        "age": 0.018894894048571587,
        "weight": 0.04448621720075607,
        "size": 0.03524436056613922,
        "speed": 0.017778821289539337,
        "wealth": 0.014626409858465195,
        "experience": 0.005697838496416807,
        "bmi_abs": 0.055783990770578384
      }
    },
    "x": {
      "height": {
        "height": 0.01738281175494194,
        "age": 0.0018359374953433871,
        "weight": 0.00820312462747097,
        "size": 0.007617187686264515,
        "speed": -0.0005468750023283064,
        "wealth": -0.0005468750023283064,
        "experience": 0.005859375,
        "bmi_abs": 0.007578125223517418
      },
      "age": {
        "height": 0.0034455128479748964,
        "age": -0.001923076924867928,
        "weight": 0.00572916679084301,