{
  "model": "gemma2-2b",
  "pair": "height",
  "k": 15,
  "layer": 20,
  "results": {
    "baseline": {
      "alpha": null,
      "r_ld_zeff": 0.9391618860608881,
      "r_ld_x": 0.39321352057474146,
      "mean_ld": 1.1628125,
      "std_ld": 1.2400670114255177,
      "n": 400
    },
    "manifold_a0.00": {
      "alpha": 0.0,
      "r_ld_zeff": 0.9391618860608881,
      "r_ld_x": 0.39321352057474146,
      "mean_ld": 1.1628125,
      "std_ld": 1.2400670114255177,
      "n": 400
    },
    "primal_a0.00": {
      "alpha": 0.0,
      "r_ld_zeff": 0.9391618860608881,
      "r_ld_x": 0.39321352057474146,
      "mean_ld": 1.1628125,
      "std_ld": 1.2400670114255177,
      "n": 400
    },
    "manifold_a0.25": {
      "alpha": 0.25,
      "r_ld_zeff": 0.904672289623518,
      "r_ld_x": 0.4088749053521684,
      "mean_ld": 1.1515625,
      "std_ld": 1.032881579362424,
      "n": 400
    },
    "primal_a0.25": {
      "alpha": 0.25,
      "r_ld_zeff": 0.922492189756751,
      "r_ld_x": 0.41869634333281924,
      "mean_ld": 1.09125,
      "std_ld": 0.9827148027065873,
      "n": 400
    },
    "manifold_a0.50": {
      "alpha": 0.5,
      "r_ld_zeff": 0.8281468520054014,
      "r_ld_x": 0.4300108969733926,
      "mean_ld": 1.156875,
      "std_ld": 0.834804231324082,
      "n": 400
    },
    "primal_a0.50": {
      "alpha": 0.5,
      "r_ld_zeff": 0.8860746660579589,
      "r_ld_x": 0.45479577253993186,
      "mean_ld": 1.0359375,
      "std_ld": 0.7122918698563171,
      "n": 400
    },
    "manifold_a0.75": {
      "alpha": 0.75,
      "r_ld_zeff": 0.6651488762937868,
      "r_ld_x": 0.4256880855016913,
      "mean_ld": 1.1878125,
      "std_ld": 0.656922766500459,
      "n": 400
    },
    "primal_a0.75": {
      "alpha": 0.75,
      "r_ld_zeff": 0.7799243029896763,
      "r_ld_x": 0.48624651190778134,
      "mean_ld": 1.0121875,
      "std_ld": 0.446950712822994,
      "n": 400
    },
    "manifold_a1.00": {
      "alpha": 1.0,
      "r_ld_zeff": 0.3321129017113936,
      "r_ld_x": 0.35718993920934083,
      "mean_ld": 1.2303125,
      "std_ld": 0.5485897525795923,
      "n": 400
    },
    "primal_a1.00": {
      "alpha": 1.0,
      "r_ld_zeff": 0.4144209428578943,
      "r_ld_x": 0.5132131259096244,
      "mean_ld": 1.0059375,
      "std_ld": 0.2625378523251624,
      "n": 400
    },
    "manifold_a1.25": {
      "alpha": 1.25,
      "r_ld_zeff": -0.13133274275425122,
      "r_ld_x": 0.20426229150927938,
      "mean_ld": 1.2828125,
      "std_ld": 0.5663052679297292,
      "n": 400
    },
    "primal_a1.25": {
      "alpha": 1.25,
      "r_ld_zeff": -0.5290361068159364,
      "r_ld_x": 0.19454324862488023,
      "mean_ld": 0.98375,
      "std_ld": 0.25811090756011024,
      "n": 400
    },
    "manifold_a1.50": {
      "alpha": 1.5,
      "r_ld_zeff": -0.4795503396119514,
      "r_ld_x": 0.05544460899503413,
      "mean_ld": 1.3475,
      "std_ld": 0.7087286969742279,
      "n": 400
    },
    "primal_a1.50": {
      "alpha": 1.5,
      "r_ld_zeff": -0.8560584710510897,
      "r_ld_x": -0.06503532014521611,
      "mean_ld": 0.9621875,
      "std_ld": 0.45884843036548817,
      "n": 400
    }
  }
}