{
  "model": "gemma2-9b",
  "pair": "height",
  "k": 1,
  "reference_k": 15,
  "layer": 33,
  "results": {
    "baseline": {
      "alpha": null,
      "r_ld_zeff": 0.8740762891879168,
      "r_ld_x": 0.3964718440037157,
      "mean_ld": 0.31,
      "std_ld": 2.728942504521203,
      "n": 400
    },
    "manifold_a0.00": {
      "alpha": 0.0,
      "r_ld_zeff": 0.8740762891879168,
      "r_ld_x": 0.3964718440037157,
      "mean_ld": 0.31,
      "std_ld": 2.728942504521203,
      "n": 400
    },
    "primal_a0.00": {
      "alpha": 0.0,
      "r_ld_zeff": 0.8740762891879168,
      "r_ld_x": 0.3964718440037157,
      "mean_ld": 0.31,
      "std_ld": 2.728942504521203,
      "n": 400
    },
    "manifold_a0.25": {
      "alpha": 0.25,
      "r_ld_zeff": 0.8114035052875156,
      "r_ld_x": 0.408283395769345,
      "mean_ld": 0.1534375,
      "std_ld": 2.221751605509764,
      "n": 400
    },
    "primal_a0.25": {
      "alpha": 0.25,
      "r_ld_zeff": 0.8625526333625158,
      "r_ld_x": 0.39905488523436083,
      "mean_ld": -0.205,
      "std_ld": 2.203663075967139,
      "n": 400
    },
    "manifold_a0.50": {
      "alpha": 0.5,
      "r_ld_zeff": 0.6899472938322817,
      "r_ld_x": 0.41408852261005924,
      "mean_ld": -0.00125,
      "std_ld": 1.7884467189901594,
      "n": 400
    },
    "primal_a0.50": {
      "alpha": 0.5,
      "r_ld_zeff": 0.8402335956342151,
      "r_ld_x": 0.41848318307020915,
      "mean_ld": -0.7275,
      "std_ld": 1.6842630004356778,
      "n": 400
    },
    "manifold_a0.75": {
      "alpha": 0.75,
      "r_ld_zeff": 0.46995265122310287,
      "r_ld_x": 0.39817524552863465,
      "mean_ld": -0.16625,
      "std_ld": 1.4940153168282089,
      "n": 400
    },
    "primal_a0.75": {
      "alpha": 0.75,
      "r_ld_zeff": 0.8006634774212168,
      "r_ld_x": 0.45001848214835577,
      "mean_ld": -1.221875,
      "std_ld": 1.2035178113266338,
      "n": 400
    },
    "manifold_a1.00": {
      "alpha": 1.0,
      "r_ld_zeff": 0.12881892271406603,
      "r_ld_x": 0.3282382838885889,
      "mean_ld": -0.31125,
      "std_ld": 1.380556101857487,
      "n": 400
    },
    "primal_a1.00": {
      "alpha": 1.0,
      "r_ld_zeff": 0.6542255061609277,
      "r_ld_x": 0.5004364492544323,
      "mean_ld": -1.7521875,
      "std_ld": 0.7495006038902368,
      "n": 400
    },
    "manifold_a1.25": {
      "alpha": 1.25,
      "r_ld_zeff": -0.2509143457170494,
      "r_ld_x": 0.204853562177911,
      "mean_ld": -0.4790625,
      "std_ld": 1.5049232267427213,
      "n": 400
    },
    "primal_a1.25": {
      "alpha": 1.25,
      "r_ld_zeff": 0.014906857696322618,
      "r_ld_x": 0.4209515973213806,
      "mean_ld": -2.279375,
      "std_ld": 0.5053717551488761,
      "n": 400
    },
    "manifold_a1.50": {
      "alpha": 1.5,
      "r_ld_zeff": -0.5079952713073019,
      "r_ld_x": 0.10121132092957456,
      "mean_ld": -0.624375,
      "std_ld": 1.8425660730918916,
      "n": 400
    },
    "primal_a1.50": {
      "alpha": 1.5,
      "r_ld_zeff": -0.653600328856762,
      "r_ld_x": 0.06133070439152578,
      "mean_ld": -2.78,
      "std_ld": 0.685538041260321,
      "n": 400
    },
    "manifold_a2.00": {
      "alpha": 2.0,
      "r_ld_zeff": -0.7392644227355307,
      "r_ld_x": -0.025361261403820914,
      "mean_ld": -0.8909375,
      "std_ld": 2.848146749794445,
      "n": 400
    },
    "primal_a2.00": {
      "alpha": 2.0,
      "r_ld_zeff": -0.8618764996557599,
      "r_ld_x": -0.18338456548594376,
      "mean_ld": -3.640625,
      "std_ld": 1.4488153865955766,
      "n": 400
    }
  }
}