{
  "model": "gemma2-9b",
  "pair": "height",
  "k": 5,
  "reference_k": 15,
  "layer": 33,
  "results": {
    "baseline": {
      "alpha": null,
      "r_ld_zeff": 0.9519310019150197,
      "r_ld_x": 0.430855608108349,
      "mean_ld": 0.533125,
      "std_ld": 2.4593651725608,
      "n": 400
    },
    "manifold_a0.00": {
      "alpha": 0.0,
      "r_ld_zeff": 0.9519310019150197,
      "r_ld_x": 0.430855608108349,
      "mean_ld": 0.533125,
      "std_ld": 2.4593651725608,
      "n": 400
    },
    "primal_a0.00": {
      "alpha": 0.0,
      "r_ld_zeff": 0.9519310019150197,
      "r_ld_x": 0.430855608108349,
      "mean_ld": 0.533125,
      "std_ld": 2.4593651725608,
      "n": 400
    },
    "manifold_a0.25": {
      "alpha": 0.25,
      "r_ld_zeff": 0.9264322452786921,
      "r_ld_x": 0.4618408501402588,
      "mean_ld": 0.3615625,
      "std_ld": 1.889619047972342,
      "n": 400
    },
    "primal_a0.25": {
      "alpha": 0.25,
      "r_ld_zeff": 0.9473617042434681,
      "r_ld_x": 0.42534125223834574,
      "mean_ld": -0.0071875,
      "std_ld": 1.818431090644434,
      "n": 400
    },
    "manifold_a0.50": {
      "alpha": 0.5,
      "r_ld_zeff": 0.8638417212886268,
      "r_ld_x": 0.5143135841316727,
      "mean_ld": 0.21875,
      "std_ld": 1.4009568650906463,
      "n": 400
    },
    "primal_a0.50": {
      "alpha": 0.5,
      "r_ld_zeff": 0.9326980832125975,
      "r_ld_x": 0.4198201034809463,
      "mean_ld": -0.5103125,
      "std_ld": 1.239212181962217,
      "n": 400
    },
    "manifold_a0.75": {
      "alpha": 0.75,
      "r_ld_zeff": 0.6919949250691407,
      "r_ld_x": 0.5638420897290054,
      "mean_ld": 0.083125,
      "std_ld": 1.018568020018059,
      "n": 400
    },
    "primal_a0.75": {
      "alpha": 0.75,
      "r_ld_zeff": 0.8732781030703182,
      "r_ld_x": 0.38104874182183585,
      "mean_ld": -0.955,
      "std_ld": 0.7319293349623625,
      "n": 400
    },
    "manifold_a1.00": {
      "alpha": 1.0,
      "r_ld_zeff": 0.24372046336235192,
      "r_ld_x": 0.5297869133741603,
      "mean_ld": -0.03375,
      "std_ld": 0.8353868807932668,
      "n": 400
    },
    "primal_a1.00": {
      "alpha": 1.0,
      "r_ld_zeff": 0.2907567981569359,
      "r_ld_x": 0.10995252160430344,
      "mean_ld": -1.44875,
      "std_ld": 0.34846377862344796,
      "n": 400
    },
    "manifold_a1.25": {
      "alpha": 1.25,
      "r_ld_zeff": -0.2993097546517497,
      "r_ld_x": 0.344265045854935,
      "mean_ld": -0.144375,
      "std_ld": 0.9644444603853142,
      "n": 400
    },
    "primal_a1.25": {
      "alpha": 1.25,
      "r_ld_zeff": -0.7514255773603328,
      "r_ld_x": -0.337845323755107,
      "mean_ld": -1.9353125,
      "std_ld": 0.5774139390300649,
      "n": 400
    },
    "manifold_a1.50": {
      "alpha": 1.5,
      "r_ld_zeff": -0.6141413305656493,
      "r_ld_x": 0.16212694493764807,
      "mean_ld": -0.246875,
      "std_ld": 1.3573535855721839,
      "n": 400
    },
    "primal_a1.50": {
      "alpha": 1.5,
      "r_ld_zeff": -0.8784655981973559,
      "r_ld_x": -0.3878257107146683,
      "mean_ld": -2.4178125,
      "std_ld": 1.080994634975523,
      "n": 400
    },
    "manifold_a2.00": {
      "alpha": 2.0,
      "r_ld_zeff": -0.8087026577717578,
      "r_ld_x": -0.002889271463589315,
      "mean_ld": -0.44625,
      "std_ld": 2.485720812439218,
      "n": 400
    },
    "primal_a2.00": {
      "alpha": 2.0,
      "r_ld_zeff": -0.9153366116198907,
      "r_ld_x": -0.4070399137117309,
      "mean_ld": -3.299375,
      "std_ld": 2.04969958905896,
      "n": 400
    }
  }
}