{
  "model": "gemma2-2b",
  "pair": "height",
  "k": 1,
  "reference_k": 15,
  "layer": 20,
  "results": {
    "baseline": {
      "alpha": null,
      "r_ld_zeff": 0.9191463325205418,
      "r_ld_x": 0.39178727339171476,
      "mean_ld": 1.0109375,
      "std_ld": 1.3218678622338795,
      "n": 400
    },
    "manifold_a0.00": {
      "alpha": 0.0,
      "r_ld_zeff": 0.9191463325205418,
      "r_ld_x": 0.39178727339171476,
      "mean_ld": 1.0109375,
      "std_ld": 1.3218678622338795,
      "n": 400
    },
    "primal_a0.00": {
      "alpha": 0.0,
      "r_ld_zeff": 0.9191463325205418,
      "r_ld_x": 0.39178727339171476,
      "mean_ld": 1.0109375,
      "std_ld": 1.3218678622338795,
      "n": 400
    },
    "manifold_a0.25": {
      "alpha": 0.25,
      "r_ld_zeff": 0.8824588654611896,
      "r_ld_x": 0.4004391896941554,
      "mean_ld": 0.9928125,
      "std_ld": 1.1085662249190744,
      "n": 400
    },
    "primal_a0.25": {
      "alpha": 0.25,
      "r_ld_zeff": 0.9185794642555741,
      "r_ld_x": 0.4144578121201145,
      "mean_ld": 0.9215625,
      "std_ld": 1.0638949912820048,
      "n": 400
    },
    "manifold_a0.50": {
      "alpha": 0.5,
      "r_ld_zeff": 0.812242247703948,
      "r_ld_x": 0.4114975246950978,
      "mean_ld": 0.9790625,
      "std_ld": 0.9090401909517886,
      "n": 400
    },
    "primal_a0.50": {
      "alpha": 0.5,
      "r_ld_zeff": 0.9098479311895109,
      "r_ld_x": 0.4530007118672553,
      "mean_ld": 0.8396875,
      "std_ld": 0.8001966956461752,
      "n": 400
    },
    "manifold_a0.75": {
      "alpha": 0.75,
      "r_ld_zeff": 0.668348347024426,
      "r_ld_x": 0.41338407775030184,
      "mean_ld": 0.9646875,
      "std_ld": 0.7367532512495734,
      "n": 400
    },
    "primal_a0.75": {
      "alpha": 0.75,
      "r_ld_zeff": 0.8753909521977822,
      "r_ld_x": 0.5330488591621203,
      "mean_ld": 0.7615625,
      "std_ld": 0.5487503425418974,
      "n": 400
    },
    "manifold_a1.00": {
      "alpha": 1.0,
      "r_ld_zeff": 0.35644702493652797,
      "r_ld_x": 0.3504498387681359,
      "mean_ld": 0.9778125,
      "std_ld": 0.6236639070976375,
      "n": 400
    },
    "primal_a1.00": {
      "alpha": 1.0,
      "r_ld_zeff": 0.7030487810591941,
      "r_ld_x": 0.6750333257853842,
      "mean_ld": 0.700625,
      "std_ld": 0.3274219329557065,
      "n": 400
    },
    "manifold_a1.25": {
      "alpha": 1.25,
      "r_ld_zeff": -0.08042435937076808,
      "r_ld_x": 0.20036442777434632,
      "mean_ld": 1.008125,
      "std_ld": 0.6388597960213424,
      "n": 400
    },
    "primal_a1.25": {
      "alpha": 1.25,
      "r_ld_zeff": -0.0265162361943955,
      "r_ld_x": 0.5747323031193201,
      "mean_ld": 0.6365625,
      "std_ld": 0.2560038398320852,
      "n": 400
    },
    "manifold_a1.50": {
      "alpha": 1.5,
      "r_ld_zeff": -0.42588581619249205,
      "r_ld_x": 0.06406897403778226,
      "mean_ld": 1.0471875,
      "std_ld": 0.7597011860422063,
      "n": 400
    },
    "primal_a1.50": {
      "alpha": 1.5,
      "r_ld_zeff": -0.5699088850523065,
      "r_ld_x": 0.23244559407437337,
      "mean_ld": 0.6146875,
      "std_ld": 0.39757042829842554,
      "n": 400
    },
    "manifold_a2.00": {
      "alpha": 2.0,
      "r_ld_zeff": -0.7228958677977824,
      "r_ld_x": -0.10168687479474006,
      "mean_ld": 1.145,
      "std_ld": 1.1984966041986473,
      "n": 400
    },
    "primal_a2.00": {
      "alpha": 2.0,
      "r_ld_zeff": -0.803471356050471,
      "r_ld_x": -0.05162623753794812,
      "mean_ld": 0.615625,
      "std_ld": 0.8605763845581331,
      "n": 400
    }
  }
}