{
  "model": "gemma2-2b",
  "pair": "height",
  "k": 5,
  "reference_k": 15,
  "layer": 20,
  "results": {
    "baseline": {
      "alpha": null,
      "r_ld_zeff": 0.9660201899404491,
      "r_ld_x": 0.43639645947478456,
      "mean_ld": 0.79875,
      "std_ld": 1.0925449412365396,
      "n": 400
    },
    "manifold_a0.00": {
      "alpha": 0.0,
      "r_ld_zeff": 0.9660201899404491,
      "r_ld_x": 0.43639645947478456,
      "mean_ld": 0.79875,
      "std_ld": 1.0925449412365396,
      "n": 400
    },
    "primal_a0.00": {
      "alpha": 0.0,
      "r_ld_zeff": 0.9660201899404491,
      "r_ld_x": 0.43639645947478456,
      "mean_ld": 0.79875,
      "std_ld": 1.0925449412365396,
      "n": 400
    },
    "manifold_a0.25": {
      "alpha": 0.25,
      "r_ld_zeff": 0.9416326337701307,
      "r_ld_x": 0.47139751209512765,
      "mean_ld": 0.794375,
      "std_ld": 0.8624818384633951,
      "n": 400
    },
    "primal_a0.25": {
      "alpha": 0.25,
      "r_ld_zeff": 0.954961975040629,
      "r_ld_x": 0.4759855767787435,
      "mean_ld": 0.818125,
      "std_ld": 0.8436978425353161,
      "n": 400
    },
    "manifold_a0.50": {
      "alpha": 0.5,
      "r_ld_zeff": 0.8733381596218885,
      "r_ld_x": 0.5180274862870706,
      "mean_ld": 0.8090625,
      "std_ld": 0.6398210578426575,
      "n": 400
    },
    "primal_a0.50": {
      "alpha": 0.5,
      "r_ld_zeff": 0.9214877138739392,
      "r_ld_x": 0.5356696844019003,
      "mean_ld": 0.845,
      "std_ld": 0.6116993257826162,
      "n": 400
    },
    "manifold_a0.75": {
      "alpha": 0.75,
      "r_ld_zeff": 0.6739335439605636,
      "r_ld_x": 0.555082966236913,
      "mean_ld": 0.84375,
      "std_ld": 0.45801994298330073,
      "n": 400
    },
    "primal_a0.75": {
      "alpha": 0.75,
      "r_ld_zeff": 0.8257457216880137,
      "r_ld_x": 0.625484789973262,
      "mean_ld": 0.9040625,
      "std_ld": 0.3919707083242452,
      "n": 400
    },
    "manifold_a1.00": {
      "alpha": 1.0,
      "r_ld_zeff": 0.17234249264911317,
      "r_ld_x": 0.4810613252725065,
      "mean_ld": 0.8725,
      "std_ld": 0.3738935221621083,
      "n": 400
    },
    "primal_a1.00": {
      "alpha": 1.0,
      "r_ld_zeff": 0.3809138044006599,
      "r_ld_x": 0.6941276175047916,
      "mean_ld": 0.9640625,
      "std_ld": 0.23144973762431859,
      "n": 400
    },
    "manifold_a1.25": {
      "alpha": 1.25,
      "r_ld_zeff": -0.4085590254498757,
      "r_ld_x": 0.21664991365504016,
      "mean_ld": 0.9109375,
      "std_ld": 0.45728994503304005,
      "n": 400
    },
    "primal_a1.25": {
      "alpha": 1.25,
      "r_ld_zeff": -0.5165564060534783,
      "r_ld_x": 0.31966689188932207,
      "mean_ld": 1.01,
      "std_ld": 0.26970000971096614,
      "n": 400
    },
    "manifold_a1.50": {
      "alpha": 1.5,
      "r_ld_zeff": -0.6868853135559518,
      "r_ld_x": 0.018571123744958215,
      "mean_ld": 0.9603125,
      "std_ld": 0.6629363100794861,
      "n": 400
    },
    "primal_a1.50": {
      "alpha": 1.5,
      "r_ld_zeff": -0.8025021584997387,
      "r_ld_x": 0.02682290431230014,
      "mean_ld": 1.061875,
      "std_ld": 0.4601094828576552,
      "n": 400
    },
    "manifold_a2.00": {
      "alpha": 2.0,
      "r_ld_zeff": -0.8482809955063425,
      "r_ld_x": -0.1322013046495384,
      "mean_ld": 1.1040625,
      "std_ld": 1.188752925290709,
      "n": 400
    },
    "primal_a2.00": {
      "alpha": 2.0,
      "r_ld_zeff": -0.9250168360453999,
      "r_ld_x": -0.16162000051857378,
      "mean_ld": 1.241875,
      "std_ld": 0.9896137872902678,
      "n": 400
    }
  }
}