{
  "model": "gemma2-9b",
  "pair": "height",
  "k": 15,
  "layer": 33,
  "arclength_path_summary": {
    "mean_steps": 4.4225,
    "median_steps": 4.0,
    "max_steps": 10,
    "mean_total_len": 175.03688049316406,
    "max_total_len": 408.1839904785156,
    "frac_snap_used": 0.0,
    "frac_fallback_used": 0.0,
    "frac_zero_path": 0.0525
  },
  "results": {
    "baseline": {
      "alpha": null,
      "r_ld_zeff": 0.960705080009269,
      "r_ld_x": 0.439237960275062,
      "mean_ld": 0.8540625,
      "std_ld": 2.379733917350261,
      "n": 400
    },
    "manifold_a0.00": {
      "alpha": 0.0,
      "r_ld_zeff": 0.960705080009269,
      "r_ld_x": 0.439237960275062,
      "mean_ld": 0.8540625,
      "std_ld": 2.379733917350261,
      "n": 400,
      "mean_delta_norm": 0.0
    },
    "arclength_a0.00": {
      "alpha": 0.0,
      "r_ld_zeff": 0.960705080009269,
      "r_ld_x": 0.439237960275062,
      "mean_ld": 0.8540625,
      "std_ld": 2.379733917350261,
      "n": 400,
      "mean_delta_norm": 0.0,
      "mean_diff_to_chord_at_alpha": 0.0
    },
    "primal_a0.00": {
      "alpha": 0.0,
      "r_ld_zeff": 0.960705080009269,
      "r_ld_x": 0.439237960275062,
      "mean_ld": 0.8540625,
      "std_ld": 2.379733917350261,
      "n": 400
    },
    "manifold_a0.25": {
      "alpha": 0.25,
      "r_ld_zeff": 0.9338295521339322,
      "r_ld_x": 0.47120309041964403,
      "mean_ld": 0.6621875,
      "std_ld": 1.8267024955810827,
      "n": 400,
      "mean_delta_norm": 19.043216705322266
    },
    "arclength_a0.25": {
      "alpha": 0.25,
      "r_ld_zeff": 0.9460518657065249,
      "r_ld_x": 0.4729220614533585,
      "mean_ld": 0.748125,
      "std_ld": 2.05393966677746,
      "n": 400,
      "mean_delta_norm": 32.459136962890625,
      "mean_diff_to_chord_at_alpha": 24.63216781616211
    },
    "primal_a0.25": {
      "alpha": 0.25,
      "r_ld_zeff": 0.9578483861036371,
      "r_ld_x": 0.43355228811331703,
      "mean_ld": 0.26875,
      "std_ld": 1.7518451604423873,
      "n": 400
    },
    "manifold_a0.50": {
      "alpha": 0.5,
      "r_ld_zeff": 0.8649211673099014,
      "r_ld_x": 0.5246364851461331,
      "mean_ld": 0.5065625,
      "std_ld": 1.3385592902548504,
      "n": 400,
      "mean_delta_norm": 38.08643341064453
    },
    "arclength_a0.50": {
      "alpha": 0.5,
      "r_ld_zeff": 0.8646134363253128,
      "r_ld_x": 0.538148429067983,
      "mean_ld": 0.7065625,
      "std_ld": 1.518612303854178,
      "n": 400,
      "mean_delta_norm": 51.89111328125,
      "mean_diff_to_chord_at_alpha": 29.396160125732422
    },
    "primal_a0.50": {
      "alpha": 0.5,
      "r_ld_zeff": 0.9485867904326688,
      "r_ld_x": 0.42193427097190717,
      "mean_ld": -0.2434375,
      "std_ld": 1.1911901426656069,
      "n": 400
    },
    "manifold_a0.75": {
      "alpha": 0.75,
      "r_ld_zeff": 0.6867235241318321,
      "r_ld_x": 0.5690032103045987,
      "mean_ld": 0.379375,
      "std_ld": 0.9809732440995004,
      "n": 400,
      "mean_delta_norm": 57.1296501159668
    },
    "arclength_a0.75": {
      "alpha": 0.75,
      "r_ld_zeff": 0.5646755163859586,
      "r_ld_x": 0.6084579699741572,
      "mean_ld": 0.6528125,
      "std_ld": 1.022981490628825,
      "n": 400,
      "mean_delta_norm": 65.18411254882812,
      "mean_diff_to_chord_at_alpha": 26.031137466430664
    },
    "primal_a0.75": {
      "alpha": 0.75,
      "r_ld_zeff": 0.9128682748648924,
      "r_ld_x": 0.39794773528162847,
      "mean_ld": -0.741875,
      "std_ld": 0.6807040505138521,
      "n": 400
    },
    "manifold_a1.00": {
      "alpha": 1.0,
      "r_ld_zeff": 0.21104304579135452,
      "r_ld_x": 0.51394682712446,
      "mean_ld": 0.2653125,
      "std_ld": 0.8203960714978301,
      "n": 400,
      "mean_delta_norm": 76.17286682128906
    },
    "arclength_a1.00": {
      "alpha": 1.0,
      "r_ld_zeff": 0.21104304579135452,
      "r_ld_x": 0.51394682712446,
      "mean_ld": 0.2653125,
      "std_ld": 0.8203960714978301,
      "n": 400,
      "mean_delta_norm": 76.17286682128906,
      "mean_diff_to_chord_at_alpha": 0.0
    },
    "primal_a1.00": {
      "alpha": 1.0,
      "r_ld_zeff": 0.3881643392438991,
      "r_ld_x": 0.13276477242348608,
      "mean_ld": -1.2409375,
      "std_ld": 0.26004999248264854,
      "n": 400
    },
    "manifold_a1.25": {
      "alpha": 1.25,
      "r_ld_zeff": -0.31076470280641544,
      "r_ld_x": 0.32963099955010955,
      "mean_ld": 0.1621875,
      "std_ld": 0.9876191098338583,
      "n": 400,
      "mean_delta_norm": 95.21607208251953
    },
    "arclength_a1.25": {
      "alpha": 1.25,
      "r_ld_zeff": -0.3119898853320995,
      "r_ld_x": 0.3310629870685246,
      "mean_ld": 0.1621875,
      "std_ld": 0.9851974102618808,
      "n": 400,
      "mean_delta_norm": 95.21607208251953,
      "mean_diff_to_chord_at_alpha": 0.0
    },
    "primal_a1.25": {
      "alpha": 1.25,
      "r_ld_zeff": -0.8123474010617693,
      "r_ld_x": -0.33654771782236975,
      "mean_ld": -1.76125,
      "std_ld": 0.5043963984972956,
      "n": 400
    },
    "manifold_a1.50": {
      "alpha": 1.5,
      "r_ld_zeff": -0.6054012386182388,
      "r_ld_x": 0.156433758331391,
      "mean_ld": 0.04125,
      "std_ld": 1.3963292146514816,
      "n": 400,
      "mean_delta_norm": 114.2593002319336
    },
    "arclength_a1.50": {
      "alpha": 1.5,
      "r_ld_zeff": -0.6048894089103269,
      "r_ld_x": 0.15576879018573253,
      "mean_ld": 0.041875,
      "std_ld": 1.3995600756625173,
      "n": 400,
      "mean_delta_norm": 114.2593002319336,
      "mean_diff_to_chord_at_alpha": 0.0
    },
    "primal_a1.50": {
      "alpha": 1.5,
      "r_ld_zeff": -0.913101240206168,
      "r_ld_x": -0.3913900835564366,
      "mean_ld": -2.265,
      "std_ld": 0.9773484024386458,
      "n": 400
    },
    "manifold_a2.00": {
      "alpha": 2.0,
      "r_ld_zeff": -0.7962625811617274,
      "r_ld_x": 0.0014318820320436826,
      "mean_ld": -0.1540625,
      "std_ld": 2.5621914929822336,
      "n": 400,
      "mean_delta_norm": 152.34573364257812
    },
    "arclength_a2.00": {
      "alpha": 2.0,
      "r_ld_zeff": -0.7962625811617274,
      "r_ld_x": 0.0014318820320436826,
      "mean_ld": -0.1540625,
      "std_ld": 2.5621914929822336,
      "n": 400,
      "mean_delta_norm": 152.34573364257812,
      "mean_diff_to_chord_at_alpha": 0.0
    },
    "primal_a2.00": {
      "alpha": 2.0,
      "r_ld_zeff": -0.9399120987170289,
      "r_ld_x": -0.4074382757889157,
      "mean_ld": -3.19875,
      "std_ld": 1.9324304077253998,
      "n": 400
    }
  }
}