{
  "model": "gemma2-9b",
  "pair": "height",
  "k": 5,
  "reference_k": 15,
  "layer": 33,
  "arclength_path_summary": {
    "mean_steps": 4.4225,
    "median_steps": 4.0,
    "max_steps": 10,
    "mean_total_len": 175.03688049316406,
    "max_total_len": 408.1839904785156,
    "frac_snap_used": 0.0,
    "frac_fallback_used": 0.0,
    "frac_zero_path": 0.0525
  },
  "results": {
    "baseline": {
      "alpha": null,
      "r_ld_zeff": 0.9519310019150197,
      "r_ld_x": 0.430855608108349,
      "mean_ld": 0.533125,
      "std_ld": 2.4593651725608,
      "n": 400
    },
    "arclength_a0.00": {
      "alpha": 0.0,
      "r_ld_zeff": 0.9519310019150197,
      "r_ld_x": 0.430855608108349,
      "mean_ld": 0.533125,
      "std_ld": 2.4593651725608,
      "n": 400
    },
    "primal_a0.00": {
      "alpha": 0.0,
      "r_ld_zeff": 0.9519310019150197,
      "r_ld_x": 0.430855608108349,
      "mean_ld": 0.533125,
      "std_ld": 2.4593651725608,
      "n": 400
    },
    "arclength_a0.25": {
      "alpha": 0.25,
      "r_ld_zeff": 0.9390666654162522,
      "r_ld_x": 0.4686275896309516,
      "mean_ld": 0.43625,
      "std_ld": 2.1136079719635497,
      "n": 400
    },
    "primal_a0.25": {
      "alpha": 0.25,
      "r_ld_zeff": 0.9473617042434681,
      "r_ld_x": 0.42534125223834574,
      "mean_ld": -0.0071875,
      "std_ld": 1.818431090644434,
      "n": 400
    },
    "arclength_a0.50": {
      "alpha": 0.5,
      "r_ld_zeff": 0.8635575117752299,
      "r_ld_x": 0.5325655076144686,
      "mean_ld": 0.4203125,
      "std_ld": 1.568961420715303,
      "n": 400
    },
    "primal_a0.50": {
      "alpha": 0.5,
      "r_ld_zeff": 0.9326980832125975,
      "r_ld_x": 0.4198201034809463,
      "mean_ld": -0.5103125,
      "std_ld": 1.239212181962217,
      "n": 400
    },
    "arclength_a0.75": {
      "alpha": 0.75,
      "r_ld_zeff": 0.5762261364373178,
      "r_ld_x": 0.5864287622194009,
      "mean_ld": 0.3721875,
      "std_ld": 1.0761424668072137,
      "n": 400
    },
    "primal_a0.75": {
      "alpha": 0.75,
      "r_ld_zeff": 0.8732781030703182,
      "r_ld_x": 0.38104874182183585,
      "mean_ld": -0.955,
      "std_ld": 0.7319293349623625,
      "n": 400
    },
    "arclength_a1.00": {
      "alpha": 1.0,
      "r_ld_zeff": 0.24372046336235192,
      "r_ld_x": 0.5297869133741603,
      "mean_ld": -0.03375,
      "std_ld": 0.8353868807932668,
      "n": 400
    },
    "primal_a1.00": {
      "alpha": 1.0,
      "r_ld_zeff": 0.2907567981569359,
      "r_ld_x": 0.10995252160430344,
      "mean_ld": -1.44875,
      "std_ld": 0.34846377862344796,
      "n": 400
    },
    "arclength_a1.25": {
      "alpha": 1.25,
      "r_ld_zeff": -0.29672766939989825,
      "r_ld_x": 0.34815260506271994,
      "mean_ld": -0.138125,
      "std_ld": 0.9606445514656561,
      "n": 400
    },
    "primal_a1.25": {
      "alpha": 1.25,
      "r_ld_zeff": -0.7514255773603328,
      "r_ld_x": -0.337845323755107,
      "mean_ld": -1.9353125,
      "std_ld": 0.5774139390300649,
      "n": 400
    },
    "arclength_a1.50": {
      "alpha": 1.5,
      "r_ld_zeff": -0.6141079478979571,
      "r_ld_x": 0.16214096471649558,
      "mean_ld": -0.24625,
      "std_ld": 1.3550130861578968,
      "n": 400
    },
    "primal_a1.50": {
      "alpha": 1.5,
      "r_ld_zeff": -0.8784655981973559,
      "r_ld_x": -0.3878257107146683,
      "mean_ld": -2.4178125,
      "std_ld": 1.080994634975523,
      "n": 400
    },
    "arclength_a2.00": {
      "alpha": 2.0,
      "r_ld_zeff": -0.8087026577717578,
      "r_ld_x": -0.002889271463589315,
      "mean_ld": -0.44625,
      "std_ld": 2.485720812439218,
      "n": 400
    },
    "primal_a2.00": {
      "alpha": 2.0,
      "r_ld_zeff": -0.9153366116198907,
      "r_ld_x": -0.4070399137117309,
      "mean_ld": -3.299375,
      "std_ld": 2.04969958905896,
      "n": 400
    }
  }
}