{
  "model": "gemma2-9b",
  "reference_pair": "height",
  "eval_pair": "weight",
  "k": 15,
  "layer": 33,
  "n_test": 400,
  "results": {
    "baseline": {
      "alpha": null,
      "r_ld_zeff": 0.9435773191463444,
      "r_ld_x": 0.08544756736338743,
      "mean_ld": 0.5259375,
      "std_ld": 3.179516807065151,
      "n": 400
    },
    "meandiff_xfeat_a0.00": {
      "alpha": 0.0,
      "r_ld_zeff": 0.9435773191463444,
      "r_ld_x": 0.08544756736338743,
      "mean_ld": 0.5259375,
      "std_ld": 3.179516807065151,
      "n": 400
    },
    "manifold_zonly_xfeat_a0.00": {
      "alpha": 0.0,
      "r_ld_zeff": 0.9435773191463444,
      "r_ld_x": 0.08544756736338743,
      "mean_ld": 0.5259375,
      "std_ld": 3.179516807065151,
      "n": 400
    },
    "meandiff_native_a0.00": {
      "alpha": 0.0,
      "r_ld_zeff": 0.9435773191463444,
      "r_ld_x": 0.08544756736338743,
      "mean_ld": 0.5259375,
      "std_ld": 3.179516807065151,
      "n": 400
    },
    "meandiff_xfeat_a0.25": {
      "alpha": 0.25,
      "r_ld_zeff": 0.9438909949688392,
      "r_ld_x": 0.08730683352627633,
      "mean_ld": 0.19875,
      "std_ld": 2.854013519664205,
      "n": 400
    },
    "manifold_zonly_xfeat_a0.25": {
      "alpha": 0.25,
      "r_ld_zeff": 0.9297686963330076,
      "r_ld_x": 0.09761661270534801,
      "mean_ld": 0.3971875,
      "std_ld": 2.7565597138432736,
      "n": 400
    },
    "meandiff_native_a0.25": {
      "alpha": 0.25,
      "r_ld_zeff": 0.9427802923864366,
      "r_ld_x": 0.09018922279382957,
      "mean_ld": 0.525625,
      "std_ld": 2.463098504929811,
      "n": 400
    },
    "meandiff_xfeat_a0.50": {
      "alpha": 0.5,
      "r_ld_zeff": 0.9413423955016351,
      "r_ld_x": 0.08125628336744842,
      "mean_ld": -0.1334375,
      "std_ld": 2.516091520083748,
      "n": 400
    },
    "manifold_zonly_xfeat_a0.50": {
      "alpha": 0.5,
      "r_ld_zeff": 0.904210534084386,
      "r_ld_x": 0.10320035028602136,
      "mean_ld": 0.2784375,
      "std_ld": 2.3295285745280325,
      "n": 400
    },
    "meandiff_native_a0.50": {
      "alpha": 0.5,
      "r_ld_zeff": 0.9364852755263804,
      "r_ld_x": 0.0809166192527094,
      "mean_ld": 0.55375,
      "std_ld": 1.7233247104489944,
      "n": 400
    },
    "meandiff_xfeat_a0.75": {
      "alpha": 0.75,
      "r_ld_zeff": 0.9395647913228521,
      "r_ld_x": 0.08028169383756807,
      "mean_ld": -0.49375,
      "std_ld": 2.1600565497795685,
      "n": 400
    },
    "manifold_zonly_xfeat_a0.75": {
      "alpha": 0.75,
      "r_ld_zeff": 0.8601137285521893,
      "r_ld_x": 0.11617441255873745,
      "mean_ld": 0.180625,
      "std_ld": 1.9296321371798026,
      "n": 400
    },
    "meandiff_native_a0.75": {
      "alpha": 0.75,
      "r_ld_zeff": 0.8969843035184971,
      "r_ld_x": 0.07980698162782715,
      "mean_ld": 0.59125,
      "std_ld": 0.9953061832904689,
      "n": 400
    },
    "meandiff_xfeat_a1.00": {
      "alpha": 1.0,
      "r_ld_zeff": 0.9326712899864634,
      "r_ld_x": 0.08018372464193495,
      "mean_ld": -0.8475,
      "std_ld": 1.796057887384784,
      "n": 400
    },
    "manifold_zonly_xfeat_a1.00": {
      "alpha": 1.0,
      "r_ld_zeff": 0.7675763906366522,
      "r_ld_x": 0.1328556382526287,
      "mean_ld": 0.0825,
      "std_ld": 1.5573789513137088,
      "n": 400
    },
    "meandiff_native_a1.00": {
      "alpha": 1.0,
      "r_ld_zeff": 0.41896896902977365,
      "r_ld_x": -0.021805090846205435,
      "mean_ld": 0.583125,
      "std_ld": 0.4222577570732376,
      "n": 400
    },
    "meandiff_xfeat_a1.25": {
      "alpha": 1.25,
      "r_ld_zeff": 0.9208720382736744,
      "r_ld_x": 0.06638470701945393,
      "mean_ld": -1.1884375,
      "std_ld": 1.4583285557565853,
      "n": 400
    },
    "manifold_zonly_xfeat_a1.25": {
      "alpha": 1.25,
      "r_ld_zeff": 0.5871714177094554,
      "r_ld_x": 0.14739367557853128,
      "mean_ld": -0.009375,
      "std_ld": 1.2644179456287665,
      "n": 400
    },
    "meandiff_native_a1.25": {
      "alpha": 1.25,
      "r_ld_zeff": -0.7644610628276777,
      "r_ld_x": -0.12523856836115543,
      "mean_ld": 0.6353125,
      "std_ld": 0.7205006195004285,
      "n": 400
    },
    "meandiff_xfeat_a1.50": {
      "alpha": 1.5,
      "r_ld_zeff": 0.9007062401018164,
      "r_ld_x": 0.04848687959331372,
      "mean_ld": -1.5215625,
      "std_ld": 1.1593897457499465,
      "n": 400
    },
    "manifold_zonly_xfeat_a1.50": {
      "alpha": 1.5,
      "r_ld_zeff": 0.2632658180291705,
      "r_ld_x": 0.1469753013380926,
      "mean_ld": -0.0975,
      "std_ld": 1.110876959454835,
      "n": 400
    },
    "meandiff_native_a1.50": {
      "alpha": 1.5,
      "r_ld_zeff": -0.887172722903179,
      "r_ld_x": -0.1145998032505943,
      "mean_ld": 0.706875,
      "std_ld": 1.4107534059167692,
      "n": 400
    },
    "meandiff_xfeat_a2.00": {
      "alpha": 2.0,
      "r_ld_zeff": 0.6761516454492975,
      "r_ld_x": -0.027755836783873153,
      "mean_ld": -2.1371875,
      "std_ld": 0.6408454255844237,
      "n": 400
    },
    "manifold_zonly_xfeat_a2.00": {
      "alpha": 2.0,
      "r_ld_zeff": -0.42656763681162024,
      "r_ld_x": 0.08730194736356892,
      "mean_ld": -0.2390625,
      "std_ld": 1.2902045877648527,
      "n": 400
    },
    "meandiff_native_a2.00": {
      "alpha": 2.0,
      "r_ld_zeff": -0.925704140331419,
      "r_ld_x": -0.10176133730482954,
      "mean_ld": 0.7640625,
      "std_ld": 2.85695641083782,
      "n": 400
    }
  }
}