{
  "model": "google/gemma-2-9b",
  "short": "gemma2-9b",
  "feature": "height",
  "k": 15,
  "steer_layer": 21,
  "alpha": 1.0,
  "sae": {
    "width": "16k",
    "l0": 66,
    "n_features": 16384
  },
  "n_prompts": 990,
  "baseline_r_LD_z": 0.951818697670573,
  "delta_manifold_norm": 18.804927825927734,
  "layer_idxs": [
    0,
    1,
    2,
    3,
    4,
    5,
    6,
    7,
    8,
    9,
    10,
    11,
    12,
    13,
    14,
    15,
    16,
    17,
    18,
    19,
    20,
    21
  ],
  "head_idxs": [
    0,
    1,
    2,
    3,
    4,
    5,
    6,
    7,
    8,
    9,
    10,
    11,
    12,
    13,
    14,
    15
  ],
  "cos_grid": [
    [
      -0.02846090868115425,
      -0.0982309877872467,
      -0.2838342785835266,
      -0.17682655155658722,
      -0.05137103050947189,
      0.11040943115949631,
      0.2735050916671753,
      0.05474568158388138,
      0.13026031851768494,
      0.13553625345230103,
      -0.02254442311823368,
      -0.07953932136297226,
      0.007245115470141172,
      0.14466635882854462,
      0.010260608978569508,
      0.02956153079867363
    ],
    [
      0.12727174162864685,
      -0.08474662154912949,
      -0.16736851632595062,
      -0.005450040102005005,
      -0.0833495557308197,
      0.1929471790790558,
      0.10876462608575821,
      0.2974672317504883,
      0.007391951512545347,
      0.056437890976667404,
      -0.0965527668595314,
      0.14324919879436493,
      0.09171117097139359,
      -0.2160520851612091,
      -0.220505952835083,
      0.1143907904624939
    ],
    [
      -0.04625960439443588,
      -0.02141043357551098,
      -0.1774890124797821,
      0.22980093955993652,
      0.03133329004049301,
      0.15320391952991486,
      -0.10571637004613876,
      0.1262926310300827,
      -0.2352796047925949,
      -0.16405288875102997,
      -0.07230864465236664,
      -0.1924387514591217,
      -0.08660722523927689,
      0.035223588347435,
      0.13965259492397308,
      -0.15750545263290405
    ],
    [
      0.11487919837236404,
      -0.1863759160041809,
      0.0916278138756752,
      -0.0241569671779871,
      -0.10443942248821259,
      0.025405101478099823,
      -0.1977236568927765,
      -0.1273183375597,
      0.042319655418395996,
      -0.21338333189487457,
      0.06958308070898056,
      -0.025040611624717712,
      -0.2920660078525543,
      -0.04176492989063263,
      -0.17916932702064514,
      0.10501518100500107
    ],
    [
      0.09678324311971664,
      -0.20298747718334198,
      0.21225957572460175,
      -0.14599381387233734,
      0.01559969037771225,
      -0.08419952541589737,
      0.22078485786914825,
      0.27479639649391174,
      -0.08015573024749756,
      -0.06294680386781693,
      0.2153816968202591,
      0.0579107403755188,
      -0.10009114444255829,
      -0.10210160166025162,
      0.05131791532039642,
      -0.197938472032547
    ],
    [
      -0.11734902858734131,
      0.0894937589764595,
      -0.23553362488746643,
      -0.24554745852947235,
      0.2131170928478241,
      -0.00338468374684453,
      -0.1862388700246811,
      0.036496564745903015,
      0.1309887170791626,
      0.1428336799144745,
      -0.00579873938113451,
      0.047284357249736786,
      0.26604101061820984,
      -0.11972244083881378,
      0.21541544795036316,
      0.002181085990741849
    ],
    [
      0.10187520831823349,
      -0.24427248537540436,
      0.053751833736896515,
      -0.22780980169773102,
      -0.17925556004047394,
      -0.12964870035648346,
      0.06759005039930344,
      0.01770428754389286,
      -0.04096988961100578,
      0.12276629358530045,
      -0.09687697142362595,
      -0.015600483864545822,
      -0.006179610267281532,
      -0.11456934362649918,
      0.07266773283481598,
      -0.025639422237873077
    ],
    [
      0.1052517518401146,
      -0.14512623846530914,
      0.1937025785446167,
      -0.08804164081811905,
      0.0248795747756958,
      0.3532378077507019,
      0.15729594230651855,
      -0.07678746432065964,
      0.1338379830121994,
      -0.08527319878339767,
      -0.1176581010222435,
      -0.2085132598876953,
      -0.12181603908538818,
      -0.13886964321136475,
      -0.04153408855199814,
      0.2426869124174118
    ],
    [
      0.1463301032781601,
      -0.07932040095329285,
      -0.2623782455921173,
      -0.24299508333206177,
      0.15021613240242004,
      0.14279218018054962,
      0.21721185743808746,
      -0.10159474611282349,
      -0.11641104519367218,
      0.22845183312892914,
      -0.25565943121910095,
      -0.32317641377449036,
      -0.27931469678878784,
      0.10526232421398163,
      0.21360278129577637,
      -0.19957809150218964
    ],
    [
      -0.13154363632202148,
      0.03439386561512947,
      -0.38654792308807373,
      -0.2729085385799408,
      -0.05196526274085045,
      0.2573558986186981,
      -0.1991085559129715,
      -0.02444283664226532,
      0.1979101300239563,
      0.042179130017757416,
      -0.046186331659555435,
      0.28328296542167664,
      -0.3378503620624542,
      -0.12089651077985764,
      0.2531571686267853,
      -0.2684103548526764
    ],
    [
      -0.20692837238311768,
      0.24466383457183838,
      -0.15042658150196075,
      -0.26304325461387634,
      -0.1693975329399109,
      0.17892992496490479,
      0.16262100636959076,
      0.02179957740008831,
      -0.06831936538219452,
      -0.02869771234691143,
      0.04389787092804909,
      -0.03193608671426773,
      0.1639895886182785,
      -0.07657033950090408,
      0.20073217153549194,
      -0.08005969226360321
    ],
    [
      0.18020455539226532,
      -0.18274733424186707,
      -0.07411954551935196,
      0.19787371158599854,
      0.02800893597304821,
      0.03452235832810402,
      0.32610395550727844,
      -0.22647805511951447,
      0.14251002669334412,
      -0.2199232280254364,
      0.16214580833911896,
      -0.0025360703002661467,
      -0.25977087020874023,
      -0.021780358627438545,
      -0.14412234723567963,
      -0.005691262427717447
    ],
    [
      -0.3288145363330841,
      0.23501618206501007,
      -0.08788558840751648,
      -0.10046602040529251,
      0.11338315159082413,
      -0.21064357459545135,
      0.1213243305683136,
      0.021190650761127472,
      -0.006671446841210127,
      -0.10214437544345856,
      0.10564425587654114,
      -0.12898485362529755,
      0.0841638520359993,
      0.008075665682554245,
      0.13081888854503632,
      0.37331339716911316
    ],
    [
      0.06445499509572983,
      -0.07088101655244827,
      -0.1873142421245575,
      -0.10800734907388687,
      0.2281176596879959,
      0.10954491794109344,
      -0.20776046812534332,
      0.34612467885017395,
      -0.019732723012566566,
      0.12279817461967468,
      -0.003006857121363282,
      -0.16660349071025848,
      0.12525303661823273,
      0.004696479067206383,
      -0.2232438027858734,
      0.1145373284816742
    ],
    [
      -0.0786762610077858,
      -0.10323847085237503,
      0.06763452291488647,
      0.1714698076248169,
      -0.37574800848960876,
      0.10019629448652267,
      0.12215463072061539,
      -0.0397978276014328,
      -0.26030081510543823,
      0.1245274767279625,
      0.1238175630569458,
      0.04969005286693573,
      -0.11720917373895645,
      -0.035308852791786194,
      0.11545058339834213,
      -0.12207017838954926
    ],
    [
      -0.18992319703102112,
      0.19064241647720337,
      -0.017803236842155457,
      -0.003972690086811781,
      -0.1294914335012436,
      0.17075948417186737,
      -0.02770005725324154,
      0.11345195770263672,
      0.06175145506858826,
      0.1873815804719925,
      0.11721423268318176,
      -0.06551121175289154,
      0.07210241258144379,
      -0.18581829965114594,
      0.03787591680884361,
      -0.07188662141561508
    ],
    [
      0.029184984043240547,
      -0.05907828360795975,
      -0.11776557564735413,
      -0.015246711671352386,
      0.034302301704883575,
