{
  "model": "google/gemma-2-2b-it",
  "short": "gemma2-2b-it",
  "feature": "height",
  "k": 15,
  "n_prompts": 990,
  "baseline_r_LD_z": 0.949436641698911,
  "baseline_LD_mean": 1.005555510520935,
  "runs": [
    {
      "label": "trio_2b-it",
      "cells": [
        [
          16,
          4
        ],
        [
          17,
          7
        ],
        [
          14,
          2
        ]
      ],
      "r_LD_z": 0.30305678553273707,
      "delta_r": -0.6463798561661739,
      "ld_mean": 0.9369949698448181,
      "kl_mean": 0.1553398221731186
    },
    {
      "label": "L16H4_alone",
      "cells": [
        [
          16,
          4
        ]
      ],
      "r_LD_z": 0.7061740914474453,
      "delta_r": -0.2432625502514657,
      "ld_mean": 0.9654671549797058,
      "kl_mean": 0.0568096749484539
    }
  ]
}